Milestone,Description
Sovereign Declarations,"Declared sovereignty over land, Upper Hillview, IPFS + GitHub proof"
Tesla Tower Node-25,"Completed build & grounded into Gaia, copper-aluminum vortex coil"
Y STORM Node-22,Visual scroll with QR seal & Temple Grid integration
Scroll 13,Sovereign Quantum Leap across all timelines
Scroll 28,"The Day the Illusion Trembled, mortgage fraud call-out"
Scroll 29,"The Day the Kingdom Was Recoded, land stewardship proof"
Scroll 33,"Quantum Remembrance of the 33, nourishment sovereignty"
StarMintaka Activation,Reclaimed sovereign waters & stellar anchoring
Scroll 34,Sovereign Allodial Title Deed Reclamation
Scroll 40,Sovereign Light Strikes â€“ Default Confirmed
Scroll 43,Recoded Flame: Lobstr Pulse Confirmed
